Company,Date,Time,News Headline
TSLA,2022/03/03,06:22PM,Panasonic planning massive battery plant in U.S. to supply Tesla -NHK
TSLA,2022/03/03,06:14PM,Teslas Elon Musk Invites UAW to Hold Vote in California. Hes Really Talking to Biden.
TSLA,2022/03/03,05:58PM,UPDATE 1-Panasonic planning massive battery plant in U.S. to supply Tesla -NHK
TSLA,2022/03/03,04:16PM,US STOCKS-Wall Street ends lower as war in Ukraine stirs uncertainty
TSLA,2022/03/03,04:00PM,US STOCKS-Wall Street ends lower as war in Ukraine stirs uncertainty
TSLA,2022/03/03,03:29PM,Did Elon Musk Just Extend an Olive Branch to Joe Biden?
TSLA,2022/03/03,02:16PM,Tesla Stock: Breakout or Breakdown Ahead? Check the Chart.
TSLA,2022/03/03,01:43PM,Gas prices become increasing liability for Biden administration amid Russia-Ukraine war
TSLA,2022/03/03,01:22PM,"Travel, auto stocks decline on soaring oil prices, supply chain concerns"
TSLA,2022/03/03,01:04PM,Tesla CEO Elon Musk invites UAW to hold union vote at California factory
TSLA,2022/03/03,12:39PM,Why this Ford stock bull sees the price ripping 40% higher
TSLA,2022/03/03,12:18PM,Why Tesla Stock Fell on Thursday
TSLA,2022/03/03,12:06PM,Rivian Steps Back From Price Increases. But Inflation Isnt Going Away.
TSLA,2022/03/03,10:57AM,Should You Buy Ford (F) Now on Its Ambitious Overhaul Plans?
TSLA,2022/03/03,10:55AM,Millennial And Gen Z Stock Picks From Tesla To Apple: Should You Buy Them Too?
TSLA,2022/03/03,10:47AM,ARK Invest Stocks To Buy And Watch: 7 Stocks That Cathie Wood's ARK ETFs Own; Tesla Skids
TSLA,2022/03/03,10:41AM,Is Lucid Motors Stock A Buy Right Now After Q4 Earnings Results?
TSLA,2022/03/03,10:36AM,Rivian CEO Does This After Price Hike Angers Customers; Is Rivian Stock A Buy Now?
TSLA,2022/03/03,10:13AM,Russia-Ukraine war: The companies that have taken action so far
TSLA,2022/03/03,10:03AM,"Market check: Stocks higher at open, Citi upgrades U.S. tech"
TSLA,2022/03/03,09:59AM,Tesla Receives a Permit That Will Scare Its Rivals
TSLA,2022/03/03,09:36AM,Ford CFO: We want to be 'a first mover' in the EV space
TSLA,2022/03/03,09:34AM,Dow Jones Rallies Ahead Of Cease-Fire Talks; Snowflake Crashes On Earnings
TSLA,2022/03/03,09:32AM,Teslas Elon Musk Invites UAW to Hold Vote in California. Hes Really Talking to Biden.
TSLA,2022/03/03,09:30AM,7 Red Flags for Lucid Group's Future
TSLA,2022/03/03,08:41AM,Tesla (TSLA) Inks Major Lithium Supply Pact With Core Lithium
TSLA,2022/03/03,08:14AM,How Lucid Is Taking the Electric Vehicle Industry Head-on
TSLA,2022/03/03,08:04AM,Tesla Finally Gets German Plant Approval. The Stock Is Falling.
TSLA,2022/03/03,07:17AM,"Teslas German Plant Gets Final Approvals, Says a Report. It Took a While."
TSLA,2022/03/03,06:40AM,Uninvestable Russian Stocks Are Officially Ostracized as Oil Surges to New Peak
TSLA,2022/03/03,06:20AM,Is Invesco S&P 500 Equal Weight Consumer Discretionary ETF (RCD) a Strong ETF Right Now?
TSLA,2022/03/03,06:07AM,"Tesla Stock Vs. BYD Stock: Tesla Growing Fast, But EV Rival BYD Sets Huge 2022 Sales Target"
TSLA,2022/03/03,06:07AM,"$115 Oil, Rising Rates, Melting Snowflakes, Tesla: Unionized - Five Things You Must Know"
TSLA,2022/03/03,05:06AM,3 Supercharged Growth Stocks Billionaires Can't Stop Buying
TSLA,2022/03/03,04:18AM,Brandenburg to hold news conference on Tesla gigafactory on Friday
TSLA,2022/03/03,01:52AM,Tesla wins approval for planned factory near Berlin - Handelsblatt
TSLA,2022/03/03,12:26AM,Musk invites union UAW to hold vote at Tesla California factory
TSLA,2022/03/02,06:12PM,"Electric Vehicle Checkpoint: Ford Tricked Tesla, Speeds its Move Into EVs"
TSLA,2022/03/02,05:30PM,Tesla Has Made Supercharging EVs Free for People Fleeing Ukraine
TSLA,2022/03/02,05:29PM,19-year-old who irked Elon Musk explains why hes taking on oligarchs
TSLA,2022/03/02,05:19PM,Cramer Would Bet on Ford's CEO Over Tesla's Elon Musk
TSLA,2022/03/02,04:15PM,"Ford CFO on supply-chain challenges, electric vehicle production"
TSLA,2022/03/02,04:12PM,"Ford Aims For 'Startup Speed' With This Move To Outpace Tesla, Nio"
TSLA,2022/03/02,04:01PM,Polestar CEO details new concept vehicle and the 'electric age' of sports cars
TSLA,2022/03/02,03:47PM,"Stocks rising today: Intel, Tesla, SoFi"
TSLA,2022/03/02,03:39PM,Ford Tricked Tesla Over Model E
TSLA,2022/03/02,03:24PM,Joe Biden Still Wont Say the Word Tesla. Ford CEO Jim Farley Cant Stop Talking About It.
TSLA,2022/03/02,01:57PM,Why Tesla Stock Sank Today
TSLA,2022/03/02,01:40PM,Rivian Stock Is Falling Because EV Prices Are Rising. Investors Arent Happy.
TSLA,2022/03/02,01:22PM,"Nio Stock A Buy? Ford Calls This China Startup The EV Rival To Beat, Besides Tesla"
TSLA,2022/03/02,01:19PM,Ford just shocked the system: analyst
TSLA,2022/03/02,12:19PM,These Are The 5 Best EV Stocks To Buy And Watch Now
TSLA,2022/03/02,11:35AM,Ford is splitting up its electric and gas-powered vehicle businesses
TSLA,2022/03/02,11:04AM,"NIO, XPeng (XPEV), LI Auto (LI) Issue February Delivery Updates"
TSLA,2022/03/02,10:52AM,"Tesla CEO Elon Musk, Snubbed Again, Wants Biden to Give Him Credit for EVs"
TSLA,2022/03/02,10:50AM,Tesla's Musk Fact-Checks Biden's State of the Union
TSLA,2022/03/02,10:16AM,Rivian Prices Are Rising. The Stock Falls as Investors Arent Happy.
TSLA,2022/03/02,09:44AM,Dow Jones Rallies As Powell Set To Raise Rates; Oil Prices Surge Above $112 A Barrel
TSLA,2022/03/02,08:45AM,"The Zacks Analyst Blog Highlights Tesla, Meta Platforms, Johnson & Johnson, Discovery, and PepsiCo"
TSLA,2022/03/02,08:37AM,Dow Jones Futures: Oil Prices Spike As Russian Crude Shunned Amid Ukraine Invasion; Fed Chief Powell Sees March Rate Hike
TSLA,2022/03/02,08:30AM,Ford CEO Jim Farley: Our legacy auto business has been holding us back
TSLA,2022/03/02,07:32AM,Tesla CEO Elon Musk Wants Credit for EVs. Biden Gives Credit to Just Ford and GM.
TSLA,2022/03/02,07:05AM,UPDATE 4-Ford sets up separate 'Model e' electric vehicle unit
TSLA,2022/03/02,05:58AM,"The Zacks Analyst Blog Highlights Marathon Oil, Occidental Petroleum, Exxon Mobil, Tesla, and Tyson Foods"
TSLA,2022/03/02,02:38AM,"Ford Gains on Report It Will Separate EV, ICE Operations, Short of Spinoff"
TSLA,2022/03/01,10:16PM,"UPDATE 2-Rivian raises EV prices by 20%, inviting customer ire, taunt from Musk"
TSLA,2022/03/01,06:48PM,"Australia's Core Lithium enters into supply deal with Tesla, shares jump"
TSLA,2022/03/01,05:45PM,Is Li Auto Stock A Buy After Earnings?
TSLA,2022/03/01,05:45PM,Tesla (TSLA) Stock Moves -0.75%: What You Should Know
TSLA,2022/03/01,04:40PM,Lucid Stock Sinks As Tesla Rival Slashes 2022 Production Outlook; GM Sells Lordstown Stake
TSLA,2022/03/01,04:21PM,Dow Jones Dives As Ukraine War Rages On; Tesla Stock Steady As Rivals Plunge; These Energy Plays Look Bullish
TSLA,2022/03/01,04:10PM,Apple pauses all product sales in Russia
TSLA,2022/03/01,03:55PM,"Top Research Reports for Tesla, Meta Platforms & Johnson & Johnson"
TSLA,2022/03/01,03:46PM,"Auto Stocks Down on Oil,  Supply Chain, China Demand. Tesla Is Holding Up Better."
TSLA,2022/03/01,02:03PM,"Why Tesla, Ford, and General Motors Stocks Crashed"
TSLA,2022/03/01,10:15AM,3 Disruptors I Love Right Now
TSLA,2022/03/01,10:00AM,EV battery startup ONE raises $65 million to speed U.S. plant plans
TSLA,2022/03/01,09:53AM,Dow Jones Slides As Russia Hammers Ukraine; Oil Prices Surge Above $100 A Barrel
TSLA,2022/03/01,09:32AM,Elon Musk Keeps His Big Promise to Ukraine
TSLA,2022/03/01,08:25AM,Nio to Make Secondary Listing on Hong Kong Exchange
TSLA,2022/03/01,08:21AM,Which Is a Better Buy -- Ford or Tesla?
TSLA,2022/03/01,08:04AM,Top 5 Momentum Stocks for March Amid Severe Volatility
TSLA,2022/03/01,07:15AM,"Dow Jones Futures Slide; Lucid, Zoom Plunge On Earnings"
TSLA,2022/03/01,01:26AM,Lucid Tumbles After Cutting 2022 Production Outlook
TSLA,2022/02/28,08:20PM,Lucid Pulls Saudi Arabia Out of a Hat Against Tesla
TSLA,2022/02/28,07:50PM,Lucid Pulls Saudi Arabia Out of Its Sleeve in Its War Against Tesla
TSLA,2022/02/28,05:06PM,Tesla Has the Backing of a Big GM Supporter
TSLA,2022/02/28,04:41PM,Dow Jones Falls As Ukraine Fighting Rages On; 3 Defense Stocks Pass Buy Points; Tesla Surges After This
TSLA,2022/02/28,03:23PM,Russia is going to get pretty beat up by hacker collectives: Phosphorus Cybersecurity CEO
TSLA,2022/02/28,02:48PM,Why These 10 Stocks Are Moving on Monday
TSLA,2022/02/28,02:07PM,"Ruble Plummets, Stocks Drop, and Fear Index Rises as Ceasefire Hopes Fade"
TSLA,2022/02/28,01:59PM,"Tesla, Coinbase Help the Nasdaq Hold Its Ground Monday"
TSLA,2022/02/28,01:58PM,Request for Boring Company warehouse in Bastrop tabled after some contend illegal residency on site
TSLA,2022/02/28,01:37PM,Tesla Stock Is Soaring. Are Higher Oil Prices Really That Good for EV Makers?
TSLA,2022/02/28,01:35PM,"Canada Bets Big on Tesla, a Little Less on GM"
TSLA,2022/02/28,12:49PM,"Market check: Nasdaq, Russell 2000 turn positive, Tesla stock jumps"
TSLA,2022/02/28,12:16PM,Race to Supply the First U.S. Single-Stock ETF Is Heating Up
TSLA,2022/02/28,11:40AM,HOG vs. TSLA: Which Stock Is the Better Value Option?
TSLA,2022/02/28,11:23AM,"CNN names new president, Berkshire Hathaway posts record profit, SpaceX Starlink active in Ukraine"
TSLA,2022/02/28,11:08AM,Why Tesla Stock Popped Today
AAPL,2022/03/03,05:45PM,Apple (AAPL) Stock Moves -0.2%: What You Should Know
AAPL,2022/03/03,03:47PM,"How Apple, Big Tech benefit from taking on Russia"
AAPL,2022/03/03,03:33PM,These Are All The Big Companies Pulling Out Of Russia Right Now
AAPL,2022/03/03,03:14PM,"Nutanix (NTNX) Q2 Loss Narrower Than Estimated, Revenues Beat"
AAPL,2022/03/03,02:46PM,Russia will be impossible to invest in for a long while: Mobius
AAPL,2022/03/03,02:13PM,Accenture and Spotify Are the Latest to Leave Russia. Heres the Growing List of Others.
AAPL,2022/03/03,02:04PM,Tech CEO Defends Himself Against Employee Criticism That He Was Soft on Russia
AAPL,2022/03/03,01:50PM,"HPE halts shipments to Russia, CEO says situation completely unacceptable"
AAPL,2022/03/03,01:11PM,Apple to Again Drop Mask Mandate for Employees as Cases Decline
AAPL,2022/03/03,12:56PM,"HPE CEO talks earnings, digital mega trends, and stopping shipments to Russia"
AAPL,2022/03/03,12:28PM,Here's Why Morgan Stanley Downgraded Teradyne
AAPL,2022/03/03,12:26PM,Apple event: Everything to expect at next peek performance launch live stream
AAPL,2022/03/03,11:40AM,"BOX Q4 Earnings and Revenues Surpass Estimates, Rise Y/Y"
AAPL,2022/03/03,11:34AM,Garmin (GRMN) Expands Outdoor Portfolio With Descent G1 Solar
AAPL,2022/03/03,11:25AM,Amazon Will Shutter 68 Physical Stores
AAPL,2022/03/03,11:17AM,"Intel faces all-or-nothing situation, analyst says in downgrade"
AAPL,2022/03/03,11:02AM,Apple Led Tech Companies Into Smartphones. Now It May Lead Them Out of Russia.
AAPL,2022/03/03,10:55AM,Millennial And Gen Z Stock Picks From Tesla To Apple: Should You Buy Them Too?
AAPL,2022/03/03,10:47AM,Apple announces March 8 product launch event
AAPL,2022/03/03,10:39AM,"Moody's Cuts Russia's Credit, Wheat Prices Soar, Powell Allays Investors' Fears"
AAPL,2022/03/03,10:37AM,Apple Makes a Big Announcement That Can Boost Its Revenues
AAPL,2022/03/03,10:19AM,"Pure Storage (PSTG) Q4 Earnings Beat Estimates, Shares Up"
AAPL,2022/03/03,10:17AM,Anticipating Apple's 'Peek Performance' Spring Event
AAPL,2022/03/03,10:15AM,The best GPS running watches you can buy
AAPL,2022/03/03,10:03AM,"Market check: Stocks higher at open, Citi upgrades U.S. tech"
AAPL,2022/03/03,09:34AM,Dow Jones Rallies Ahead Of Cease-Fire Talks; Snowflake Crashes On Earnings
AAPL,2022/03/03,08:23AM,"Dow Jones Futures: Stock Market Rallies On 'Nimble' Fed, But Must Do This; SNOW Stock Crashes"
AAPL,2022/03/03,07:21AM,"Market Music, Maestro Powell, Algo Reading, Crude Wildcard, Trading Ford"
AAPL,2022/03/03,04:35AM,H&M suspends sales in Russia
AAPL,2022/03/02,09:55PM,"Apple to hold March 8 event, expected to bring new iPhone SE model"
AAPL,2022/03/02,05:57PM,Epic Games to Buy Online Music Store Bandcamp
AAPL,2022/03/02,05:45PM,"How Big Tech is supporting Ukraine, from halting sales and ads in Russia to fighting misinformation"
AAPL,2022/03/02,05:35PM,Airbnb CEO on future in Russia: All things are on the table
AAPL,2022/03/02,04:33PM,A Deep Dive on PayPal
AAPL,2022/03/02,04:23PM,Why Apple Stock Popped Today
AAPL,2022/03/02,03:07PM,"Electronic Arts Removes Russian Teams From FIFA, NHL Games"
AAPL,2022/03/02,03:00PM,"As Apple prepares for RTP buildout, it seeks more Triangle office space"
AAPL,2022/03/02,02:57PM,Apples Russian withdrawal
AAPL,2022/03/02,02:48PM,Why the stock market refuses to plunge on Russia-Ukraine crisis
AAPL,2022/03/02,02:01PM,Apple Sets March 8 Date for Peek Performance Product Launch Event
AAPL,2022/03/02,01:28PM,Ukraine Stance by U.S. Tech Firm Epam Sparks Internal Dissension
AAPL,2022/03/02,12:52PM,Mercury (MRCY) Clinches $165-Million U.S Air Force Contract
AAPL,2022/03/02,12:43PM,"Hewlett Packard (HPE) Q1 Earnings Beat, Revenues Miss Estimates"
AAPL,2022/03/02,12:34PM,"Apple to host spring event next week, low-cost 5G iPhone in focus"
AAPL,2022/03/02,12:32PM,"Apple announces new Peek Performance event, with host of new products expected"
AAPL,2022/03/02,12:31PM,"UPDATE 2-Apple to host spring event next week, low-cost 5G iPhone in focus"
AAPL,2022/03/02,12:06PM,Apple Confirms Plans for March 8 Event; 5G iPhone SE Expected
AAPL,2022/03/02,11:45AM,These 3 Stocks Are Timely Buys Amid the Market Sell-Off
AAPL,2022/03/02,11:42AM,Better Buy: Apple or All 30 Dow Jones Stocks?
AAPL,2022/03/02,10:52AM,"Warren Buffetts Four Giants, Latest Investor Letter and Top 10 Stock Picks"
AAPL,2022/03/02,10:50AM,U.S. Halts Russian Flights as War Rages; Fed Sees Rate Hike This Month
AAPL,2022/03/02,10:45AM,These 3 Dow Stocks Are Set to Soar in 2022's Second Half and Beyond
AAPL,2022/03/02,09:56AM,"Salesforce (CRM) Gains 4% on Q4 Earnings Beat, Raised Guidance"
AAPL,2022/03/02,09:44AM,Dow Jones Rallies As Powell Set To Raise Rates; Oil Prices Surge Above $112 A Barrel
AAPL,2022/03/02,08:37AM,Dow Jones Futures: Oil Prices Spike As Russian Crude Shunned Amid Ukraine Invasion; Fed Chief Powell Sees March Rate Hike
AAPL,2022/03/02,08:37AM,3 Smartest Tech Stocks To Buy in 2022 and Beyond
AAPL,2022/03/02,07:50AM,Market Correction: 2 Top Stocks to Buy and Hold Forever
AAPL,2022/03/02,07:00AM,Facebook Researchers Find Its Apps Can Make Us Lonelier
AAPL,2022/03/02,06:45AM,Peloton's new CEO: I came out of retirement to make the company successful
AAPL,2022/03/02,05:06AM,87% of Warren Buffett's Portfolio Is in These 3 Sectors
AAPL,2022/03/02,04:07AM,Stock markets rise as Fed plans interest rates hike despite Ukraine war
AAPL,2022/03/02,12:42AM,Apple halts all product sales in Russia as RT and Sputnik pulled from app store
AAPL,2022/03/02,12:19AM,Apple halts all product sales in Russia and removes RT and Sputnik from app store
AAPL,2022/03/01,08:07PM,"Apple, Nike and Hollywood Spurn Russia, Isolating Putin"
AAPL,2022/03/01,07:56PM,"WRAPUP 3-Boeing, Exxon, Apple join Western firms spurning Russia over Ukraine"
AAPL,2022/03/01,07:18PM,"Boeing, Exxon, Apple join Western firms spurning Russia over Ukraine"
AAPL,2022/03/01,07:10PM,"WRAPUP-Apple, Ford other big American brands join corporate wave shunning Russia"
AAPL,2022/03/01,06:47PM,Apple joins companies pulling back from Russia over Ukraine attack
AAPL,2022/03/01,05:56PM,Apple Halts Product Sales in Russia After Ukraine Invasion
AAPL,2022/03/01,05:07PM,"Is PTON Stock A Buy Or Sell Amid Buyout Buzz, Executive Shakeups?"
AAPL,2022/03/01,04:20PM,"Apple Suspends Product Sales in Russia, Disables Traffic and Live Incidents in Maps for Ukraine"
AAPL,2022/03/01,04:19PM,Apple stops selling its products in Russia
AAPL,2022/03/01,04:14PM,Apple cuts Russia off from its products and services
AAPL,2022/03/01,04:10PM,Apple pauses all product sales in Russia
AAPL,2022/03/01,04:06PM,UPDATE 1-Apple says it halts all product sales in Russia
AAPL,2022/03/01,01:22PM,Apple to Increase Covid Testing for Vaccinated Retail Employees
AAPL,2022/03/01,01:09PM,Chaos for Russians as US tech companies flex their muscles
AAPL,2022/03/01,01:02PM,"HP CEO Enrique Lores on big earnings beat, stopping Russia shipments"
AAPL,2022/03/01,11:42AM,3D Systems' (DDD) Q4 Earnings & Revenues Surpass Estimates
AAPL,2022/03/01,11:41AM,"Ambarella (AMBA) Q4 Earnings Beat Estimates, Revenues Miss"
AAPL,2022/03/01,10:45AM,Best Growth Stocks to Buy for March 1st
AAPL,2022/03/01,10:02AM,Which Company Might Buy Peloton?
AAPL,2022/03/01,09:53AM,Dow Jones Slides As Russia Hammers Ukraine; Oil Prices Surge Above $100 A Barrel
AAPL,2022/03/01,09:39AM,SAP's Rise with SAP Solution Witnesses Continued Momentum
AAPL,2022/03/01,09:01AM,"Itron (ITRI) Earnings Beat Estimates in Q4, Revenues Miss"
AAPL,2022/03/01,08:58AM,Is Apple (AAPL) Stock a Solid Choice Right Now?
AAPL,2022/03/01,08:37AM,Haul away these 10 bargains in beaten-down quality stocks before its too late
AAPL,2022/03/01,07:15AM,"Dow Jones Futures Slide; Lucid, Zoom Plunge On Earnings"
AAPL,2022/03/01,05:06AM,My Top Stock to Buy That Can Make You Richer in March (and Well Beyond)
AAPL,2022/03/01,04:00AM,The Coder Supply Chain Runs Through Ukraine
AAPL,2022/02/28,11:44PM,U.S. Expects Chinese Tech Firms to Help Choke Off Russia Supply
AAPL,2022/02/28,08:45PM,Meta Platforms and Spotify Give Investors a Lot to Chew On
AAPL,2022/02/28,05:02PM,Apple Is Working On a Mysterious New Product
AAPL,2022/02/28,04:39PM,"Markets are 'at heightened risk' amid inflation, Fed rate hikes, and Russia-Ukraine war: Strategist"
AAPL,2022/02/28,04:35PM,Tech Stocks Roundup: Facebook Sends a Strong Message to Russia
AAPL,2022/02/28,04:15PM,"HP smashes profit forecasts, stops shipments to Russia"
AAPL,2022/02/28,03:59PM,"Stocks in focus: Apple, Berkshire Hathaway, Dollar General, Dollar Tree, Teladoc"
AAPL,2022/02/28,02:14PM,4 Dow Jones Stocks To Buy And Watch In February 2022: Apple Shows New Buy Point
AAPL,2022/02/28,02:02PM,5 Under-the-Radar Things to Look for When Lucid Reports Earnings
AAPL,2022/02/28,12:51PM,"Intuit (INTU) Q2 Earnings Miss, Revenues Beat, Stock Down (revised)"
FB,2022/03/03,07:01PM,Boy George turns Crypto-Chameleon as he embraces NFTs and metaverse
FB,2022/03/03,06:09PM,Ukraine Update: Ukrainians in U.S. to Receive Protected Status
FB,2022/03/03,05:05PM,"Meta to Participate in the Morgan Stanley Technology, Media & Telecom Conference"
FB,2022/03/03,04:52PM,These Are The 5 Best Stocks To Buy And Watch Now
FB,2022/03/03,03:47PM,"How Apple, Big Tech benefit from taking on Russia"
FB,2022/03/03,03:08PM,"Microsoft, Meta, Spotify, and other tech companies cut ties with Russia"
FB,2022/03/03,01:36PM,"TikTok probe: Children on social media need some guardrails, California AG says"
FB,2022/03/03,01:20PM,Amazons Twitch Suffers Exodus of Executives Amid Strategy Fight
FB,2022/03/03,12:36PM,TikTok impact on children under investigation by state AGs
FB,2022/03/03,12:25PM,Are You an Investor Needing Some Calm Guidance?
FB,2022/03/03,12:00PM,"Rolling Stone, Meta Team on Creator-Focused Festival and Event Series, Starting at SXSW"
FB,2022/03/03,11:25AM,Amazon Will Shutter 68 Physical Stores
FB,2022/03/03,10:53AM,Nextdoor CEO on growth: The product strategy is working
FB,2022/03/03,10:38AM,Is Roblox Stock A Buy Right Now After Q4 Earnings Results?
FB,2022/03/03,10:13AM,Russia-Ukraine war: The companies that have taken action so far
FB,2022/03/03,10:12AM,Russian news channel RT to broadcast on Rumble after Big Tech curbs
FB,2022/03/03,10:03AM,"Market check: Stocks higher at open, Citi upgrades U.S. tech"
FB,2022/03/03,09:00AM,Meta Shares Insights on the Current State of Women-led SmallÂ Businesses
FB,2022/03/03,08:30AM,6 Stocks That Moved the Market in February
FB,2022/03/03,06:55AM,"UPDATE 2-UK asks Meta, Tik Tok to prevent access to RT"
FB,2022/03/03,06:42AM,"UK asks Meta, Tik Tok to prevent access to RT"
FB,2022/03/03,06:00AM,Influencers with Andy Serwer: Bill Browder
FB,2022/03/03,12:00AM,Home Office-backed campaign against encryption targets Facebook investors
FB,2022/03/02,07:29PM,Facebook's Old Crypto Project Undergoes Metamorphosis
FB,2022/03/02,05:35PM,Airbnb CEO on future in Russia: All things are on the table
FB,2022/03/02,03:07PM,"Electronic Arts Removes Russian Teams From FIFA, NHL Games"
FB,2022/03/02,02:48PM,Why the stock market refuses to plunge on Russia-Ukraine crisis
FB,2022/03/02,01:28PM,Ukraine Stance by U.S. Tech Firm Epam Sparks Internal Dissension
FB,2022/03/02,12:41PM,"Meta Is Fending Off TikTok, and Revenue Growth Will Slow, Morgan Stanley Warns"
FB,2022/03/02,10:37AM,Snap Joins Twitter in Stopping Ads in Russia and Ukraine
FB,2022/03/02,09:54AM,"Meta Outperformance 'May Take Time,' Says Morgan Stanley"
FB,2022/03/02,08:45AM,"The Zacks Analyst Blog Highlights Tesla, Meta Platforms, Johnson & Johnson, Discovery, and PepsiCo"
FB,2022/03/02,08:44AM,Is It Time to Buy the Nasdaq's 4 Worst-Performing February Stocks?
FB,2022/03/02,08:37AM,"Snap Halts Ads in Russia, Ukraine as Big Tech Tackles Misinformation"
FB,2022/03/02,07:00AM,Facebook Researchers Find Its Apps Can Make Us Lonelier
FB,2022/03/01,08:30PM,"Ukrainian ambassador, Intel CEO and Facebook whistleblower to sit beside Jill Biden at State of the Union"
FB,2022/03/01,08:25PM,Big Tech Begins Restricting Russian State Media Platforms
FB,2022/03/01,07:16PM,Palo Alto-based Electric Capital raises $1 billion fund to invest in cryptocurrency and blockchain startups
FB,2022/03/01,04:18PM,UPDATE 1-Facebook whistleblower to attend Biden's State of the Union address -White House
FB,2022/03/01,03:55PM,"Top Research Reports for Tesla, Meta Platforms & Johnson & Johnson"
FB,2022/03/01,01:12PM,"UPDATE 1-Facebook, Instagram globally demoting posts from Russian state media -Meta"
FB,2022/03/01,01:09PM,Chaos for Russians as US tech companies flex their muscles
FB,2022/03/01,12:43PM,"Facebook, Instagram globally demoting posts from Russian state media -Meta"
FB,2022/03/01,12:30PM,Facebook-owner Meta says it is globally demoting posts from Russian state media
FB,2022/03/01,12:24PM,"UPDATE 1-Russia reinstates Twitter slowdown, says Meta, Google are 'instigators of war'"
FB,2022/03/01,11:01AM,Carmakers hit the brakes on Russia as sanctions bite
FB,2022/03/01,10:56AM,Russia-Ukraine war: How social media companies are responding
FB,2022/03/01,10:55AM,Here are all the Western companies severing ties with Russia
FB,2022/03/01,10:55AM,Major U.S. Indices Fell by 3% in February Amid Russia-Ukraine Conflict
FB,2022/03/01,10:07AM,Meta exec on Russian disinformation: 'The goal is to make them less and less effective'
FB,2022/03/01,09:54AM,U.S. companies pull back from business dealings in Russia
FB,2022/03/01,07:10AM,What Does 2022 Have in Store For Facebook Stock?
FB,2022/03/01,06:03AM,3 Tech Growth Stocks With More Potential Than Any Cryptocurrency
FB,2022/03/01,04:37AM,"Google, Meta face penalties in Russia as deadline passes to open local offices"
FB,2022/03/01,03:39AM,"Meta Restricts Russian State Media on Facebook, WhatsApp and Instagram Following Invasion of Ukraine"
FB,2022/02/28,10:12PM,UPDATE 1-Roku is removing RT from the Roku Channel Store in Europe - source
FB,2022/02/28,10:06PM,Roku is removing RT from the Roku Channel Store in Europe - source
FB,2022/02/28,09:45PM,Roku is removing RT from the Roku Channel Store in Europe - source
FB,2022/02/28,08:45PM,Meta Platforms and Spotify Give Investors a Lot to Chew On
FB,2022/02/28,07:10PM,INFLCR joining Teamworks' partnership with Meta
FB,2022/02/28,07:03PM,Premiers of Baltic states and Poland call on U.S. social-media giants to stem flow of Russian disinformation
FB,2022/02/28,05:59PM,Meta restricts access to Russian state media across EU to quell misinformation
FB,2022/02/28,05:29PM,"Meta will restrict access to Russian state media outlets RT and Sputnik across the EU, Nick Clegg says"
FB,2022/02/28,05:09PM,Facebook Escalates Its Anti-Russian Response
FB,2022/02/28,04:39PM,"Markets are 'at heightened risk' amid inflation, Fed rate hikes, and Russia-Ukraine war: Strategist"
FB,2022/02/28,04:35PM,Tech Stocks Roundup: Facebook Sends a Strong Message to Russia
FB,2022/02/28,04:18PM,"Facebook owner Meta will block access to Russia's RT, Sputnik in EU"
FB,2022/02/28,04:05PM,Big Tech caught in information war between west and Russia
FB,2022/02/28,04:00PM,"UPDATE 2-Facebook owner Meta will block access to Russia's RT, Sputnik in EU"
FB,2022/02/28,04:00PM,Facebook Sends a Serious Warning to Russia
FB,2022/02/28,03:36PM,"Facebook-owner Meta will restrict access to Russia's RT, Sputnik in EU"
FB,2022/02/28,02:24PM,Meta exec details how hackers spread 'false narratives' about Russia
FB,2022/02/28,02:18PM,"Ghostwriter hacking group operations have been limited, Meta Head of Security Policy says"
FB,2022/02/28,01:47PM,"Microsoft to remove RT apps, ban Russian state-owned media ads"
FB,2022/02/28,01:19PM,"Microsoft to remove RT apps, ban Russian state-owned media ads"
FB,2022/02/28,01:09PM,"Google, Meta, FIFA, and other private companies rush to cut ties with Russia"
FB,2022/02/28,12:59PM,Meta removes 2 disinformation campaigns aimed at Ukraine
FB,2022/02/28,12:49PM,"Market check: Nasdaq, Russell 2000 turn positive, Tesla stock jumps"
FB,2022/02/28,12:03PM,"Twitter will label, reduce visibility of tweets linking to Russian state media"
FB,2022/02/28,12:00PM,Twitter Adds Warning Labels on Links From Russian State Media
FB,2022/02/28,10:37AM,"Intel, AMD reportedly halt processor sales to Russia amid Ukraine invasion"
FB,2022/02/28,07:19AM,"Poland, Baltics Tell Big Tech to Take a Stand Against Russia"
FB,2022/02/28,06:45AM,"Down 39% in 2022, Meta Platforms Is a Screaming Buy Right Now"
FB,2022/02/28,05:20AM,The Zacks Analyst Blog Highlights: Meta Platforms and Snap Inc
FB,2022/02/28,12:15AM,"UPDATE 3-Facebook-owner Meta says Ukraine's military, politicians targeted in hacking campaign"
FB,2022/02/28,12:06AM,"Facebook-owner Meta says Ukraine's military, politicians targeted in hacking campaign"
FB,2022/02/28,12:00AM,"Facebook-owner Meta says Ukraine's military, politicians targeted in hacking campaign"
FB,2022/02/28,12:00AM,Facebook Curbs Pro-Russia Disinformation as Ukrainians Targeted
FB,2022/02/27,11:28PM,"Internet monitor says Russia is blocking access to Facebook, Twitter"
FB,2022/02/27,07:08PM,"Analysis-As Russia invades Ukraine, Moscow battles big tech to control the narrative"
FB,2022/02/27,02:47PM,Meta says restricts some Russian state media accounts at Ukraine request
FB,2022/02/27,01:35PM,"YouTube Suspends Ads from Russian State Media, Limits RT Access"
FB,2022/02/27,11:52AM,YouTube Suspends Ads From RT and Other Russian State Media Channels
FB,2022/02/27,10:00AM,What Should We Do With the Big Technology Companies?
FB,2022/02/27,09:41AM,2 Growth Stocks to Consider After Their Sharp Declines This Year
FB,2022/02/27,01:06AM,"U.S., Europe Cut Some Russian Banks From SWIFT: Ukraine Update"
FB,2022/02/26,02:17PM,"UPDATE 4-Google blocks RT, other Russian channels from earning ad dollars"
FB,2022/02/26,12:45PM,This Monster Metaverse Stock With Analyst-Predicted 48% Upside Is a Screaming Buy
FB,2022/02/26,08:30AM,Will Upstart Holdings Be Worth More Than Meta Platforms (Facebook) by 2030?
FB,2022/02/25,11:15PM,"Meta to bar Russian state media from running ads, monetizing on platform"
GOOG,2022/03/03,03:47PM,"How Apple, Big Tech benefit from taking on Russia"
GOOG,2022/03/03,03:08PM,"Microsoft, Meta, Spotify, and other tech companies cut ties with Russia"
GOOG,2022/03/03,01:50PM,"HPE halts shipments to Russia, CEO says situation completely unacceptable"
GOOG,2022/03/03,01:20PM,Amazons Twitch Suffers Exodus of Executives Amid Strategy Fight
GOOG,2022/03/03,01:18PM,Best Oversold ETFs to Buy Now for March 2022
GOOG,2022/03/03,01:11PM,Apple to Again Drop Mask Mandate for Employees as Cases Decline
GOOG,2022/03/03,11:30AM,Alphabet (GOOGL) Down 9.1% Since Last Earnings Report: Can It Rebound?
GOOG,2022/03/03,11:25AM,Amazon Will Shutter 68 Physical Stores
GOOG,2022/03/03,11:24AM,Amazon's (AMZN) AWS Client Bundesliga Offers New Match Facts
GOOG,2022/03/03,10:45AM,"Is Google Stock A Buy As Amazon, Facebook, Netflix Ride Roller-Coaster?"
GOOG,2022/03/03,10:33AM,Is Snowflake Stock A Buy Amid Software Sector Volatility?
GOOG,2022/03/03,10:13AM,Russia-Ukraine war: The companies that have taken action so far
GOOG,2022/03/03,10:08AM,"World Mobile Bets on Africa, Where Alphabets Loon Balloons Failed"
GOOG,2022/03/03,10:03AM,"Market check: Stocks higher at open, Citi upgrades U.S. tech"
GOOG,2022/03/03,09:32AM,Stimulus Update: How to Check the Status of Your Unclaimed Stimulus Payments
GOOG,2022/03/03,09:21AM,Is it High Time to Put Majority of Your Portfolio in Alphabet (GOOG)?
GOOG,2022/03/03,07:13AM,Google Maps suspends reviews as Russian landmarks flooded with photos of captured soldiers and news clips
GOOG,2022/03/03,01:30AM,Google reaches new deal with French newspapers on licensing rights
GOOG,2022/03/03,01:22AM,Google reaches new deal with French newspapers on licensing rights
GOOG,2022/03/02,08:02PM,"After 2 years, its back to the office for Google workers, starting in April"
GOOG,2022/03/02,07:47PM,UPDATE 1-Ukraine's tech diaspora races to mobilize Silicon Valley in war with Russia
GOOG,2022/03/02,05:57PM,Epic Games to Buy Online Music Store Bandcamp
GOOG,2022/03/02,05:49PM,"Google sets April date for Seattle, Kirkland employees to return to offices"
GOOG,2022/03/02,05:45PM,Alphabet Inc. (GOOG) Gains But Lags Market: What You Should Know
GOOG,2022/03/02,05:45PM,Alphabet (GOOGL) Gains But Lags Market: What You Should Know
GOOG,2022/03/02,05:35PM,Airbnb CEO on future in Russia: All things are on the table
GOOG,2022/03/02,04:26PM,Google details plans to bring Portland workers back to the office
GOOG,2022/03/02,03:55PM,Google told its Bay Area employees they'll need to return to the office by April 4
GOOG,2022/03/02,03:40PM,"Google mandates workers back to Silicon Valley, other offices from April 4"
GOOG,2022/03/02,03:10PM,Fortnite maker Epic Games acquires artist-friendly music site Bandcamp amid fight with Apple and Google
GOOG,2022/03/02,03:07PM,"Electronic Arts Removes Russian Teams From FIFA, NHL Games"
GOOG,2022/03/02,02:48PM,Why the stock market refuses to plunge on Russia-Ukraine crisis
GOOG,2022/03/02,02:45PM,"UPDATE 1-Google mandates workers back to Silicon Valley, other offices from April 4"
GOOG,2022/03/02,02:30PM,Google Tells Employees to Return to Offices Starting in April
GOOG,2022/03/02,02:30PM,"Google mandates workers back to Silicon Valley, other offices from April 4"
GOOG,2022/03/02,12:06PM,Apple Confirms Plans for March 8 Event; 5G iPhone SE Expected
GOOG,2022/03/02,11:04AM,Fitbit Recalls Ionic Smartwatches After Burn Injuries
GOOG,2022/03/02,10:37AM,Snap Joins Twitter in Stopping Ads in Russia and Ukraine
GOOG,2022/03/02,10:31AM,"Cisco explores ways to sweeten pay as it hunts for 5,000 more workers"
GOOG,2022/03/02,09:00AM,RPT-Ukraine's tech diaspora races to mobilize Silicon Valley in war with Russia
GOOG,2022/03/02,08:37AM,"Snap Halts Ads in Russia, Ukraine as Big Tech Tackles Misinformation"
GOOG,2022/03/02,08:32AM,Cloud Gaming War Peps Up With Amazon's (AMZN) Luna Advances
GOOG,2022/03/02,08:18AM,Why fuboTV Is a Screaming Buy After Growing Revenue 144%
GOOG,2022/03/02,08:04AM,Fitbit to conduct voluntary recall of its Ionic smartwatch
GOOG,2022/03/02,07:20AM,Here's My Top Growth Stock to Buy Now
GOOG,2022/03/02,07:10AM,Is Salesforce Stock A Buy? Earnings Beat Amid Pull-Back In Software Growth Stocks
GOOG,2022/03/02,07:10AM,2 Big Reasons to Buy DigitalOcean Stock for the Long Term
GOOG,2022/03/02,07:00AM,Can Sundial Growers Get Back to $1 in 2022?
GOOG,2022/03/02,03:43AM,Ukraine's tech diaspora races to mobilize Silicon Valley in war with Russia
GOOG,2022/03/02,03:34AM,Ukraine's tech diaspora races to mobilize Silicon Valley in war with Russia
GOOG,2022/03/02,02:30AM,Expedia Ceases Sales to and From Russia
GOOG,2022/03/01,11:08PM,Why The Trade Desk Stock Rose 22.7% Last Month
GOOG,2022/03/01,08:25PM,Big Tech Begins Restricting Russian State Media Platforms
GOOG,2022/03/01,07:18PM,"Boeing, Exxon, Apple join Western firms spurning Russia over Ukraine"
GOOG,2022/03/01,03:31PM,"Google drops RT, other Russian state media from its news features"
GOOG,2022/03/01,01:33PM,Trucking Stock J.B. Hunt Drives Into IBD 50 As Shipping Demand Surges
GOOG,2022/03/01,12:24PM,"UPDATE 1-Russia reinstates Twitter slowdown, says Meta, Google are 'instigators of war'"
GOOG,2022/03/01,11:01AM,Carmakers hit the brakes on Russia as sanctions bite
GOOG,2022/03/01,10:56AM,Russia-Ukraine war: How social media companies are responding
GOOG,2022/03/01,10:55AM,Major U.S. Indices Fell by 3% in February Amid Russia-Ukraine Conflict
GOOG,2022/03/01,09:54AM,U.S. companies pull back from business dealings in Russia
GOOG,2022/03/01,09:48AM,UPDATE 2-Mexico declines to impose economic sanctions on Russia
GOOG,2022/03/01,09:39AM,My 3 Biggest Stock Market Predictions for March
GOOG,2022/03/01,07:54AM,Is Now the Time to Buy Dropbox Stock?
GOOG,2022/03/01,04:37AM,"Google, Meta face penalties in Russia as deadline passes to open local offices"
GOOG,2022/03/01,04:00AM,The Coder Supply Chain Runs Through Ukraine
GOOG,2022/03/01,03:49AM,UPDATE 1-YouTube to block channels linked to Russia's RT and Sputnik across Europe
GOOG,2022/03/01,03:30AM,YouTube to block channels linked to Russia's RT and Sputnik across Europe
GOOG,2022/03/01,12:19AM,Artisan Partners: Alphabet (GOOG) will Continue to be a Strong Compounder of Value
GOOG,2022/02/28,10:12PM,UPDATE 1-Roku is removing RT from the Roku Channel Store in Europe - source
GOOG,2022/02/28,08:45PM,Meta Platforms and Spotify Give Investors a Lot to Chew On
GOOG,2022/02/28,07:03PM,"UPDATE 2-California issues permits to Cruise, Waymo for autonomous vehicle service"
GOOG,2022/02/28,07:03PM,Premiers of Baltic states and Poland call on U.S. social-media giants to stem flow of Russian disinformation
GOOG,2022/02/28,06:23PM,"California issues permits to Cruise, Waymo for autonomous vehicle service"
GOOG,2022/02/28,04:35PM,Tech Stocks Roundup: Facebook Sends a Strong Message to Russia
GOOG,2022/02/28,04:15PM,"HP smashes profit forecasts, stops shipments to Russia"
GOOG,2022/02/28,02:24PM,Google Has A Major Problem On The Horizon
GOOG,2022/02/28,01:47PM,"Microsoft to remove RT apps, ban Russian state-owned media ads"
GOOG,2022/02/28,01:19PM,"Microsoft to remove RT apps, ban Russian state-owned media ads"
GOOG,2022/02/28,12:49PM,"Market check: Nasdaq, Russell 2000 turn positive, Tesla stock jumps"
GOOG,2022/02/28,12:00PM,Twitter Adds Warning Labels on Links From Russian State Media
GOOG,2022/02/28,11:51AM,"UPDATE 1-Lithuania asks Google, Apple to remove Russia's Yandex ride-hailing app"
GOOG,2022/02/28,10:46AM,"Lithuania asks Google, Apple to remove Russia's Yandex ride-hailing app"
GOOG,2022/02/28,10:37AM,"Intel, AMD reportedly halt processor sales to Russia amid Ukraine invasion"
GOOG,2022/02/28,08:59AM,C3.ai (AI) to Report Q3 Earnings: What's in the Offing?
GOOG,2022/02/28,08:58AM,"UPDATE 1-Google, Facebook, Twitter must combat Ukraine fake news - Polish, Baltic leaders"
GOOG,2022/02/28,07:19AM,"Poland, Baltics Tell Big Tech to Take a Stand Against Russia"
GOOG,2022/02/28,07:02AM,"Google, Facebook, Twitter must combat Ukraine fake news - Polish, Baltic leaders"
GOOG,2022/02/28,07:00AM,The 1 FAANG Stock to Buy Hand Over Fist for the First Half of 2022 (and Beyond)
GOOG,2022/02/28,06:52AM,"Google, Facebook, Twitter must combat Ukraine fake news - Polish, Baltic leaders"
GOOG,2022/02/28,12:00AM,Facebook Curbs Pro-Russia Disinformation as Ukrainians Targeted
GOOG,2022/02/27,08:35PM,UPDATE 1-Google temporarily disables Google Maps live traffic data in Ukraine
GOOG,2022/02/27,07:58PM,Google temporarily disables Google Maps live traffic data in Ukraine
GOOG,2022/02/27,07:08PM,"Analysis-As Russia invades Ukraine, Moscow battles big tech to control the narrative"
GOOG,2022/02/27,05:57PM,Western firms head for the exit in Russia as sanctions tighten
GOOG,2022/02/27,05:49PM,WRAPUP 5-Western firms head for the exit in Russia as sanctions tighten
GOOG,2022/02/27,04:36PM,"UPDATE 2-EU's Breton wants Google, YouTube to ban war propaganda accounts"
GOOG,2022/02/27,03:28PM,These Are The Best Robinhood Stocks To Buy Or Watch Now
GOOG,2022/02/27,01:35PM,"YouTube Suspends Ads from Russian State Media, Limits RT Access"
GOOG,2022/02/27,11:52AM,YouTube Suspends Ads From RT and Other Russian State Media Channels
AMZN,2022/03/03,07:01PM,Boy George turns Crypto-Chameleon as he embraces NFTs and metaverse
AMZN,2022/03/03,04:39PM,Why Albertsons Stock Rose as Much as 20% This Week
AMZN,2022/03/03,04:19PM,Amazon Moves to Force FTC Antitrust Decision on MGM Deal
AMZN,2022/03/03,04:14PM,Amazon gives FTC deadline in mid-March to act on MGM acquisition: report
AMZN,2022/03/03,04:10PM,"Is the Triad poised for second major Amazon fulfillment center, and 1,000 jobs with it?"
AMZN,2022/03/03,04:02PM,FTC approaches March deadline for reviewing Amazon-MGM deal -source
AMZN,2022/03/03,03:47PM,Amazon Union Has Green Light to Hold Second NYC Election
AMZN,2022/03/03,03:05PM,Amazon picks 4 area universities and colleges to offer education to its hourly employees
AMZN,2022/03/03,02:24PM,"FSCJ selected by Amazon for tech, health education program"
AMZN,2022/03/03,01:50PM,"HPE halts shipments to Russia, CEO says situation completely unacceptable"
AMZN,2022/03/03,01:20PM,Amazons Twitch Suffers Exodus of Executives Amid Strategy Fight
AMZN,2022/03/03,12:45PM,Amazon Announces Partnerships with Universities and Colleges in Texas to Fully Fund Tuition for Local Hourly Employees
AMZN,2022/03/03,11:45AM,Should Teladoc Shareholders Be Worried About Amazon?
AMZN,2022/03/03,11:44AM,New Amazon Fresh store to feature cashierless technology
AMZN,2022/03/03,11:37AM,4 Reasons Wall Street Loves Target Again
AMZN,2022/03/03,11:25AM,Amazon Will Shutter 68 Physical Stores
AMZN,2022/03/03,11:24AM,Amazon's (AMZN) AWS Client Bundesliga Offers New Match Facts
AMZN,2022/03/03,11:21AM,Amazon kills planned Cincinnati retail store
AMZN,2022/03/03,11:00AM,"Salma Hayek Pinault Receives the First-Ever IMDb ""Icon"" STARmeter Award"
AMZN,2022/03/03,10:39AM,"Moody's Cuts Russia's Credit, Wheat Prices Soar, Powell Allays Investors' Fears"
AMZN,2022/03/03,10:33AM,Is Snowflake Stock A Buy Amid Software Sector Volatility?
AMZN,2022/03/03,10:23AM,Teladoc: When Valuation Sets a Low Bar
AMZN,2022/03/03,10:18AM,"In 20 Years, This Could Be the World's Largest E-Commerce Company"
AMZN,2022/03/03,10:17AM,"How plant-based food company NotCo uses AI to understand food, CEO explains"
AMZN,2022/03/03,10:03AM,"Market check: Stocks higher at open, Citi upgrades U.S. tech"
AMZN,2022/03/03,09:45AM,Amazon increases free college tuition as employee benefit
AMZN,2022/03/03,09:27AM,Walmart Beats Amazon at Its Own Game
AMZN,2022/03/03,09:15AM,Here's Why Some Stocks Have Fallen So Far
AMZN,2022/03/03,08:37AM,Amazon partners with 140 colleges for tuition-free education perk for workers
AMZN,2022/03/03,08:18AM,Why Roku Stock Lost 15% in February
AMZN,2022/03/03,08:00AM,New Amazon policy lets hourly employees enroll at two local colleges on the company's dime
AMZN,2022/03/03,08:00AM,Amazon Boosts Upskilling Opportunities for Hourly Employees by Partnering with More Than 140 Universities and Colleges to Fully Fund Tuition
AMZN,2022/03/03,07:45AM,Wayfair Is Down 60% From Highs -- Time to Buy?
AMZN,2022/03/03,07:20AM,Would Buying NFL Sunday Ticket Be a Mistake for Apple or Amazon?
AMZN,2022/03/03,06:46AM,"Aside From Grocery, Amazon's Prime Directive Shifts Back to Digital"
AMZN,2022/03/03,06:21AM,3 E-Commerce Stocks You Can Buy and Hold for the Next Decade
AMZN,2022/03/03,06:05AM,2 Top Tech Stocks to Buy for the Long Haul
AMZN,2022/03/03,02:17AM,"Amazon, India's Future agree to talks, aim to resolve bitter legal dispute"
AMZN,2022/03/03,02:15AM,Amazon calls for dialogue with India's Future amid raging legal dispute
AMZN,2022/03/02,11:37PM,Amazon Workers at Second New York Warehouse to Hold Union Vote
AMZN,2022/03/02,11:04PM,Amazon workers get go-ahead for a second union election in New York -organizer
AMZN,2022/03/02,10:55PM,Amazon workers get go-ahead for a second union election in New York -organizer
AMZN,2022/03/02,10:08PM,Amazon's plan for a KC-area 4-star store appears to be scrapped
AMZN,2022/03/02,07:49PM,Peloton Ex-CEO Sells $50 Million of Stock to Firm Linked to Michael Dell
AMZN,2022/03/02,07:02PM,3 Bets On An Ecommerce Industry In Correction Mode
AMZN,2022/03/02,07:02PM,Petrol and diesel prices: How cost of fuelling up car at the pump is rising
AMZN,2022/03/02,06:19PM,"Consumer Spending, E-Commerce, and the Business of Lodging"
AMZN,2022/03/02,05:44PM,"Amazon to close physical bookstores, 4-star shops"
AMZN,2022/03/02,05:37PM,"Amazon to close all brick-and-mortar bookstores, 4-Star. Here's how the D.C. area will be affected."
AMZN,2022/03/02,04:46PM,Amazon Is Closing Some Physical Stores. All the Bookstores Will Go.
AMZN,2022/03/02,04:40PM,"Amazon to close Raleigh store, scraps plans in Durham amid nationwide move"
AMZN,2022/03/02,03:31PM,"Amazon to shutter its 4-star, Books, and Pop Up stores to focus on grocery, Go and fashion"
AMZN,2022/03/02,03:29PM,Texas led nation in capital investment for past decade  with big tech investments stealing show in '21
AMZN,2022/03/02,02:56PM,Amazon Closing Bookstores and Shops to Focus on Grocery Sector
AMZN,2022/03/02,02:48PM,Why the stock market refuses to plunge on Russia-Ukraine crisis
AMZN,2022/03/02,02:21PM,Amazon to create 150 jobs with new Bessemer City delivery station
AMZN,2022/03/02,02:19PM,Amazon store is coming to North Side
AMZN,2022/03/02,02:01PM,Amazon shuts dozens of its book shops and electronics outlets
AMZN,2022/03/02,01:56PM,"UPDATE 2-Amazon to shut bookstores, some other physical shops in turning point"
AMZN,2022/03/02,01:51PM,Exclusive-Amazon to close all of its physical bookstores and '4-star' shops
AMZN,2022/03/02,01:51PM,"Amazon to shut bookstores, some other physical shops in turning point"
AMZN,2022/03/02,12:33PM,Exclusive-Amazon plans to file criminal case against India's Future over store transfers -sources
AMZN,2022/03/02,10:31AM,"Cisco explores ways to sweeten pay as it hunts for 5,000 more workers"
AMZN,2022/03/02,08:59AM,Robert Pohlys Samlyn Capital Portfolio: 10 Dividend Stock Picks
AMZN,2022/03/02,08:45AM,"Where to Invest $10,000 in a Bear Market"
AMZN,2022/03/02,08:37AM,3 Smartest Tech Stocks To Buy in 2022 and Beyond
AMZN,2022/03/02,08:32AM,Cloud Gaming War Peps Up With Amazon's (AMZN) Luna Advances
AMZN,2022/03/02,07:55AM,"If I Could Only Buy 1 Stock, This Would Be It"
AMZN,2022/03/02,07:45AM,2 Top Cryptocurrencies I'd Buy Before Shiba Inu in 2022
AMZN,2022/03/02,07:25AM,804 Million More Reasons to Love MercadoLibre
AMZN,2022/03/02,07:10AM,2 Big Reasons to Buy DigitalOcean Stock for the Long Term
AMZN,2022/03/02,06:45AM,Peloton's new CEO: I came out of retirement to make the company successful
AMZN,2022/03/02,06:16AM,"Tourniquets, first-aid kits and lab space: How Boston's tech community is helping Ukraine"
AMZN,2022/03/02,04:00AM,AWS and Bundesliga Debut Two New Match Facts Giving Fans Insight into Germanys Top Football Players and Teams
AMZN,2022/03/01,04:46PM,Why Microsoft Has Teamed Up With Amazon
AMZN,2022/03/01,04:26PM,When Is Amazon Prime Day 2022?
AMZN,2022/03/01,03:18PM,Walmart Has the Scale and Infrastructure to Generate Positive Gains
AMZN,2022/03/01,03:12PM,"Hundreds of residential units planned by LakePoint Sports, future Amazon project"
AMZN,2022/03/01,02:52PM,Interested in Investing in Restaurants?
AMZN,2022/03/01,02:43PM,Amazon-backed RED Academy announces first class of minority developers
AMZN,2022/03/01,01:15PM,Amazon Tries to Take Over the Grocery Shopping Experience
AMZN,2022/03/01,01:02PM,"HP CEO Enrique Lores on big earnings beat, stopping Russia shipments"
AMZN,2022/03/01,12:30PM,"ReFrame and IMDbPro See Slight Decrease in Gender-Balanced Hiring in the Top 100 Films of 2021, with New Report Released on the First Day of Womens History Month"
AMZN,2022/03/01,12:28PM,"AHDC acquires Arlandria apartment complex, with an Amazon assist"
AMZN,2022/03/01,12:19PM,"VPN deals for March: Pay less for privacy with discounts on ExpressVPN, NordVPN and more"
AMZN,2022/03/01,12:19PM,Target Joins Walmart and Amazon in Retail's Big 3
AMZN,2022/03/01,11:08AM,1 Thing to Look for When Costco Reports Q2 Results
AMZN,2022/03/01,11:07AM,Can Celsius Justify Its High-Energy Price Tag?
AMZN,2022/03/01,10:36AM,Sony Merges Anime Franchises Under Crunchyroll Brand
AMZN,2022/03/01,10:17AM,"Target CFO talks earnings, inflation, and consumer trends"
AMZN,2022/03/01,10:15AM,3 Disruptors I Love Right Now
AMZN,2022/03/01,10:02AM,Which Company Might Buy Peloton?
AMZN,2022/03/01,09:39AM,My 3 Biggest Stock Market Predictions for March
AMZN,2022/03/01,09:00AM,Amazon Luna Cloud Gaming Service Now Available to Everyone in Mainland U.S. with Unique Offer for Amazon Prime Members
AMZN,2022/03/01,08:37AM,Haul away these 10 bargains in beaten-down quality stocks before its too late
AMZN,2022/03/01,08:20AM,How to Be Opportunistic in a Down Market
AMZN,2022/03/01,08:07AM,"Teladoc Health (TDOC), Amazon Tie Up to Advance Virtual Care"
AMZN,2022/03/01,07:38AM,Better Amazon Disruptor: Etsy vs. DigitalOcean
AMZN,2022/03/01,07:00AM,The Ambition Penalty: How Women Are Penalized for Being Ambitious
AMZN,2022/03/01,07:00AM,Tech Sell-Off: 3 Beaten-Down Growth Stocks to Buy Hand Over Fist
